Label,# Samples,Average,Min,Max,Std. Dev.,Error %,Throughput,Received KB/sec,Sent KB/sec,Avg. Bytes
HTTP Request get trips,100,19985,4115,32651,9420.48,12.000%,2.99482,4406.29,1.03,1506615.1
TOTAL,100,19985,4115,32651,9420.48,12.000%,2.99482,4406.29,1.03,1506615.1
