Label,# Samples,Average,Min,Max,Std. Dev.,Error %,Throughput,Received KB/sec,Sent KB/sec,Avg. Bytes
HTTP Request get trips,500,59947,16934,103904,22815.54,61.600%,4.78139,3070.89,1.64,657672.2
TOTAL,500,59947,16934,103904,22815.54,61.600%,4.78139,3070.89,1.64,657672.2
